Image,Class,Density,Thickness,Telea_PSNR,Telea_SSIM,Telea_Time,PDE_PSNR,PDE_SSIM,PDE_Time,Patch_PSNR,Patch_SSIM,Patch_Time,LaMa_PSNR,LaMa_SSIM,LaMa_Time,Proposed_PSNR,Proposed_SSIM,Proposed_Time,Ablation_NoEdges_PSNR,Ablation_NoEdges_SSIM,Ablation_NoEdges_Time,Ablation_NoTensor_PSNR,Ablation_NoTensor_SSIM,Ablation_NoTensor_Time
kodim01.png,Landscapes,0.01,2,39.8955542642104,0.9940533712390787,0.013110876083374023,40.44133091062036,0.9946026031575729,0.0049970149993896484,36.213371923248296,0.9893773616021578,0.4746742248535156,41.03616784375508,0.9947249912693114,3.994598627090454,39.12983047002185,0.9930968128954327,0.2064070701599121,39.0509467574847,0.9929959972414458,0.14851617813110352,39.3093559199731,0.9933971536133671,0.1267108917236328
kodim01.png,Landscapes,0.01,4,37.89780563489883,0.9938529258239915,0.004820108413696289,37.8461928076472,0.993810062146677,0.0071561336517333984,36.96852418159493,0.9907070563078862,0.5015125274658203,37.95551080126134,0.9933458888675798,2.6639413833618164,37.75406127461583,0.9934059033226103,0.19036865234375,37.66676111801449,0.9931585127790307,0.1497669219970703,37.81800068060716,0.9935775970314951,0.12781167030334473
kodim01.png,Landscapes,0.03,2,36.62941722700781,0.9864177873607085,0.014769315719604492,37.26952759891273,0.9880297060026905,0.01121211051940918,32.79782162030588,0.9751206759973311,1.1961116790771484,37.87969481440075,0.9877918097941083,2.594799518585205,36.01891661306455,0.9847785239744541,0.3829371929168701,35.9511163622225,0.9845613126207194,0.34675002098083496,36.05969652960836,0.9850619710364418,0.29619789123535156
kodim01.png,Landscapes,0.03,4,34.57701360047537,0.9816800361314391,0.011008739471435547,34.777991974086376,0.9823442828498082,0.009185552597045898,31.302336747213772,0.9705342123744941,1.0489320755004883,35.97716314771836,0.9850063537945838,2.636125087738037,34.306381123343265,0.980343863569393,0.3866100311279297,34.272010316806444,0.9801488524997364,0.3489954471588135,34.376922149351124,0.9806430519672751,0.2893357276916504
kodim01.png,Landscapes,0.05,2,33.593462451169415,0.974769278104959,0.018817424774169922,33.88891822720988,0.9764216984074462,0.015055179595947266,30.020002180463763,0.9566789943738806,1.721285343170166,34.312321957111145,0.9769510104489099,2.5218565464019775,33.237568270753314,0.9725684098967545,0.5800447463989258,33.17214451695729,0.9722215966828937,0.5392007827758789,33.26645043761982,0.9729596386148908,0.4517676830291748
kodim01.png,Landscapes,0.05,4,32.72570787985926,0.9709983290871033,0.016153573989868164,32.892483469975666,0.971906583490064,0.014102458953857422,29.593462074165235,0.9548861424669802,1.6636550426483154,34.01480567177977,0.9742673727097726,2.474982500076294,32.409939277050434,0.9684628841296498,0.6217365264892578,32.33064452145823,0.9680636078157306,0.5478718280792236,32.468617773372806,0.969278734508585,0.46555566787719727
kodim02.png,Landscapes,0.01,2,45.156354991746,0.9958229277811411,0.00531768798828125,45.35915290069214,0.9960053290384868,0.0044651031494140625,40.06595798614569,0.9928107580247691,0.4175758361816406,43.73684616533539,0.9935056784493775,2.536421060562134,44.881748047036545,0.9955992955952357,0.1793804168701172,44.74309974061673,0.9955418766377293,0.14621877670288086,44.889220285169884,0.99564414600819,0.11926794052124023
kodim02.png,Landscapes,0.01,4,43.30003481635895,0.9947166183956697,0.008415699005126953,43.561353547282934,0.9949570939019837,0.006916999816894531,39.294521428364654,0.9904877363352501,0.5353796482086182,43.23786896416812,0.9932624765528425,4.598468780517578,42.9901507714043,0.9942682325544201,0.22363829612731934,42.8528310253155,0.9941802197216204,0.17949271202087402,43.11096601897454,0.9945233055430819,0.1543126106262207
kodim02.png,Landscapes,0.03,2,42.70673347951583,0.9918670286140698,0.014585018157958984,43.33016852353801,0.9931615690256743,0.012125492095947266,38.85299870807545,0.9847889605373167,1.161268949508667,41.15523131187963,0.9843849580007867,2.519296169281006,42.26718326886548,0.9912734068514134,0.3846471309661865,42.20056511329851,0.9912216766677088,0.34717249870300293,42.382020809386134,0.991683306738046,0.29448699951171875
kodim02.png,Landscapes,0.03,4,42.92382997137422,0.9901099266142012,0.013177633285522461,43.22207853598465,0.9907922954996667,0.011015176773071289,38.475400739872434,0.9827155119527196,1.2076644897460938,42.03747390318586,0.984153881449548,2.502500295639038,42.43288391600189,0.9893253360824289,0.4388575553894043,42.29535085628858,0.989181518954882,0.3909904956817627,42.63876315127932,0.9898013171759779,0.32753825187683105
kodim02.png,Landscapes,0.05,2,41.028200800178844,0.9867801315251207,0.020667552947998047,41.57920664753818,0.9885264450101182,0.016097545623779297,35.51020807458829,0.9736694766591473,1.7223970890045166,39.899891983003386,0.976654132964113,2.5606443881988525,40.523359548883555,0.985704008741861,0.5672845840454102,40.40601542146244,0.9855694153893376,0.5263817310333252,40.64242551526939,0.9863643031702463,0.4440724849700928
kodim02.png,Landscapes,0.05,4,40.65941912165549,0.9856211801541406,0.018648147583007812,41.13916896836919,0.9871329225180193,0.015386581420898438,35.27285044152392,0.9722928324919451,1.6306068897247314,40.86547899597438,0.9803368059019976,2.5904359817504883,40.23019379940596,0.9852602813364525,0.5818448066711426,40.111188916581455,0.9849240228030873,0.5383944511413574,40.367109542570134,0.9857232009571767,0.4470031261444092
kodim03.png,Urban/Structures,0.01,2,52.196234129281116,0.9986023782216419,0.004965066909790039,52.77354182715786,0.9988746806892569,0.00429224967956543,51.90252164508685,0.9982365623456767,0.3959615230560303,47.60203061838684,0.9952359645924093,2.5247273445129395,51.35923354522802,0.9985679551956571,0.16395902633666992,51.2953967543287,0.9985347251525415,0.12280392646789551,51.842380993169456,0.9986438106376032,0.10388636589050293
kodim03.png,Urban/Structures,0.01,4,49.42003587048382,0.9982808436824239,0.005095481872558594,49.5930979854396,0.9984510153239349,0.004439353942871094,45.179806136914145,0.9974375444048217,0.37011218070983887,48.95620214776548,0.9974158002811858,2.573047161102295,48.447516851970825,0.9981115092120275,0.17283296585083008,48.42312411159655,0.9980683812522585,0.12934160232543945,48.761002277769435,0.9982586452141581,0.13632512092590332
kodim03.png,Urban/Structures,0.03,2,44.96324856595286,0.9946605960145262,0.014635324478149414,45.403291141368626,0.9955204405169487,0.010874032974243164,42.55845667638105,0.9924471468116067,1.1757984161376953,43.53548333726815,0.9899313555755592,2.6004831790924072,44.25048112977387,0.9943939476247529,0.3679802417755127,44.24912389007261,0.9943614899801828,0.3410167694091797,44.538996799674834,0.9946538949615267,0.2844808101654053
kodim03.png,Urban/Structures,0.03,4,41.51748575151324,0.9930960222809864,0.009969949722290039,41.597477630294875,0.9934579170712611,0.00950765609741211,37.84137444866577,0.9898877185000706,0.9755651950836182,43.452096557036704,0.9927279200847018,2.6886727809906006,41.05720286624432,0.9928338116639716,0.40230560302734375,40.865716718175555,0.9926205787145427,0.34343743324279785,41.101969453397814,0.9930192820809592,0.2777087688446045
kodim03.png,Urban/Structures,0.05,2,42.4852126161137,0.9913018666457333,0.020548105239868164,42.88817605450692,0.9925469544178739,0.01732778549194336,38.60907393409803,0.9852802678266016,1.6696298122406006,41.06964943423077,0.9820124598019304,2.590080499649048,42.057186502233094,0.9913218258812527,0.5895590782165527,42.06203081271334,0.991218602774616,0.5403223037719727,42.17984260317631,0.9915982160577266,0.46177196502685547
kodim03.png,Urban/Structures,0.05,4,40.631918152405,0.9885327343768512,0.017754316329956055,40.50075152634637,0.9890537984474389,0.01759648323059082,35.588012122548655,0.979666346646546,1.8818097114562988,40.116593100607155,0.983370981042925,2.6348798274993896,40.30760182465751,0.9883513165452635,0.6644556522369385,40.10120730504365,0.9879427656798274,0.6725821495056152,40.383860111182315,0.9885916680010962,0.5652346611022949
kodim04.png,Portraits/People,0.01,2,46.628664559539665,0.9963088446663289,0.006313800811767578,47.19446598387057,0.9966347658457183,0.00546717643737793,42.83082784978208,0.9930192806792139,0.5338485240936279,46.19516057646989,0.9953046573478516,2.640265703201294,46.049804502076476,0.9959742978908034,0.19286060333251953,46.029380617752935,0.99592312545215,0.14440321922302246,46.2032546348491,0.9961263797434664,0.12211298942565918
kodim04.png,Portraits/People,0.01,4,47.553140140413745,0.9966178780091633,0.004671573638916016,47.0624026934035,0.9965781140675486,0.00421452522277832,43.9185880397838,0.9943598747484207,0.40483713150024414,47.55283396252429,0.9959352654942535,2.5242502689361572,47.38205299365834,0.9965207834761062,0.17735624313354492,47.1845715800487,0.9964267482108973,0.13833045959472656,47.42390454900037,0.9966012525836061,0.11172294616699219
kodim04.png,Portraits/People,0.03,2,44.208398269180705,0.9926902798213644,0.014511346817016602,44.75460054845332,0.9936921142992544,0.01071476936340332,40.263217657553255,0.9853871153613106,1.1551361083984375,43.392970861119366,0.9891929164581157,2.5915615558624268,43.65629271066115,0.9920494278852171,0.3716292381286621,43.55180218346965,0.9919243996840662,0.33217954635620117,43.82400213821168,0.9924433672929013,0.28434324264526367
kodim04.png,Portraits/People,0.03,4,42.71901516626879,0.9906946124354253,0.012422800064086914,43.033168531635425,0.9912745288012749,0.010684728622436523,38.63994259546696,0.9813260837636552,1.1300103664398193,42.51311622885004,0.9887376263089012,2.5228607654571533,42.71983271040557,0.9904740828476196,0.40862464904785156,42.40662548099128,0.9901356765788195,0.36836767196655273,42.778063814643644,0.9907415685282924,0.3054075241088867
kodim04.png,Portraits/People,0.05,2,42.1146357931675,0.98868801332191,0.02253437042236328,42.853001385355576,0.990559421003456,0.018046140670776367,35.23977257330604,0.9725643643313405,1.7404420375823975,41.72429096502257,0.981941954588993,2.468113899230957,41.240600783112725,0.9878521987681684,0.5870175361633301,41.16718680202191,0.9877368365552569,0.5520658493041992,41.45526885315438,0.9884126684572094,0.45279550552368164
kodim04.png,Portraits/People,0.05,4,40.04028976049899,0.9854408324240724,0.01681041717529297,40.34710419535203,0.9863940834925029,0.01613616943359375,33.76431405350977,0.9715929475946118,1.7451012134552002,41.31830257159309,0.9840223875086561,2.451038360595703,39.468867388651965,0.9846638205524435,0.6197395324707031,39.357614056817965,0.9843125126950348,0.5834598541259766,39.59361510159012,0.9852678859047326,0.4797675609588623
kodim05.png,Urban/Structures,0.01,2,39.91466738885447,0.9959836493906754,0.0059397220611572266,40.18809718931797,0.9964165417965257,0.004324197769165039,36.267793067297575,0.993303268248431,0.4321930408477783,42.30253250850521,0.9970568844766269,2.5301082134246826,39.10644388986549,0.9952046703778414,0.1720256805419922,39.13750892506103,0.9952015289688142,0.12745141983032227,39.28179610533454,0.9954728999768795,0.10995864868164062
kodim05.png,Urban/Structures,0.01,4,38.881505047457324,0.9944091379343966,0.0050351619720458984,38.794219373754984,0.9946057852728534,0.004359245300292969,33.99786313903083,0.9891490903257737,0.4048588275909424,40.62884470882335,0.9960344225621903,2.460192918777466,37.962302248919485,0.9934927835739602,0.1961073875427246,37.81565606721323,0.9932752492909936,0.14362645149230957,38.22569562336317,0.9938150387570355,0.1267838478088379
kodim05.png,Urban/Structures,0.03,2,33.907723238322596,0.9855880053137284,0.01254129409790039,34.09437523732227,0.9868908186868105,0.010447263717651367,28.770949076518427,0.9682736640369155,1.2022950649261475,35.710847494884206,0.9894200760409545,2.4602348804473877,33.60296229878053,0.9843463719451595,0.42424798011779785,33.51715404927366,0.9839627485276677,0.3813314437866211,33.5004839158359,0.9844221480980111,0.3097093105316162
kodim05.png,Urban/Structures,0.03,4,33.94500886126409,0.9838628977858438,0.01271367073059082,34.104798241440335,0.9850333510324573,0.011297941207885742,29.320246959918897,0.9683216774676352,1.3007566928863525,35.789596413589784,0.9884470569968812,2.4935200214385986,33.61955319456317,0.9824564454722129,0.46053171157836914,33.40691375084759,0.9817244928829568,0.4064295291900635,33.537862432582415,0.9826950597669021,0.33652830123901367
kodim05.png,Urban/Structures,0.05,2,33.318666374737006,0.9791937754838526,0.019775867462158203,33.68790299302576,0.981648641468556,0.016109943389892578,28.436275657477438,0.957410018146818,1.7826957702636719,34.91194340089123,0.9841553143919247,2.4656553268432617,32.72293622508446,0.9761879460751549,0.60616135597229,32.727734386043984,0.9760513457403358,0.6075024604797363,32.747369334711586,0.976889524683959,0.46428680419921875
kodim05.png,Urban/Structures,0.05,4,31.186511166387426,0.9754638470413605,0.01498723030090332,31.09144146219531,0.9762091092749984,0.013773202896118164,26.70996814375783,0.9560730228458052,1.605823040008545,32.90466724624071,0.982280069677215,2.5138027667999268,30.914040462526984,0.9730163285813106,0.5707852840423584,30.797482178188254,0.9723351411598751,0.5364973545074463,30.980040244074697,0.9739144582695026,0.44971418380737305
kodim06.png,High-Texture/Detail,0.01,2,41.15574326887092,0.9941435578664232,0.005674123764038086,41.25883680550913,0.994350425258363,0.004586219787597656,37.929816106234455,0.9903679861271791,0.4817843437194824,40.82338614361333,0.9935298322639111,2.519869089126587,40.9830546291887,0.9940339145964979,0.1721961498260498,40.96554521832679,0.9939408003277688,0.1498711109161377,40.966988025664435,0.9939444236953886,0.1507573127746582
kodim06.png,High-Texture/Detail,0.01,4,42.150094725395576,0.9952895657791697,0.004604816436767578,42.42132693459392,0.9954615441787625,0.003924131393432617,38.70532064780201,0.9923296538653531,0.38371753692626953,43.403305508051616,0.9955434821899843,2.6362032890319824,41.74451802486899,0.9949152350008291,0.16840171813964844,41.544982848732495,0.9948193134763655,0.1267375946044922,41.78895568239457,0.9950445085020053,0.10678339004516602
kodim06.png,High-Texture/Detail,0.03,2,37.472235014121054,0.9870332876984512,0.013180971145629883,37.88498692315739,0.9880056124097756,0.010612010955810547,33.1987050728405,0.9757483086133218,1.1508140563964844,37.4782473924667,0.9844464971266076,2.5467019081115723,37.09932818300798,0.9862143960788989,0.37859225273132324,37.0192472133951,0.9860069904090424,0.3459053039550781,37.05845006455666,0.9860529271044943,0.28923535346984863
kodim06.png,High-Texture/Detail,0.03,4,37.23518470484518,0.9860658690955707,0.010904788970947266,37.4725235396731,0.986760952423507,0.009658575057983398,33.660144440344325,0.978988579212273,1.008147954940796,37.814126551975924,0.9822450833372692,2.5183870792388916,37.24869054644416,0.9863116898108005,0.36910295486450195,37.08373874737001,0.9859947741530672,0.3435392379760742,37.172544023033055,0.9861495122412478,0.2695906162261963
kodim06.png,High-Texture/Detail,0.05,2,35.60699488398535,0.980353838578304,0.018369436264038086,35.9405622037265,0.9821165163975993,0.0149078369140625,31.82266271440353,0.9640173215535132,1.721815586090088,35.68688663219441,0.9771560712554651,2.538209915161133,35.329916329492626,0.9794525245932685,0.556049108505249,35.259551831320394,0.9791331206644008,0.5234606266021729,35.3312857452648,0.9792003844104927,0.4375319480895996
kodim06.png,High-Texture/Detail,0.05,4,34.86545838395512,0.9765829807756421,0.01753973960876465,34.965245015781086,0.9774336426548654,0.015048503875732422,31.199062674598537,0.9613418177133219,1.7071082592010498,35.06201838362423,0.9757947518724915,2.4416654109954834,34.61753346687553,0.9756332247245266,0.5821278095245361,34.55331672762068,0.9752936019478317,0.5372560024261475,34.65826101287658,0.9756702133312279,0.45513916015625
kodim07.png,High-Texture/Detail,0.01,2,42.143776417520435,0.997067788179867,0.006901979446411133,43.60217829640319,0.9981289128715808,0.004838228225708008,37.007068843455414,0.9922904096024707,0.43552517890930176,46.444225947220346,0.9976645689329372,2.484095573425293,41.666473526870945,0.9965231075713401,0.1806795597076416,41.55978849336766,0.9964508421874475,0.13985919952392578,41.431512248197315,0.9965229388266305,0.1175379753112793
kodim07.png,High-Texture/Detail,0.01,4,43.83179491703599,0.9971313676922305,0.005054950714111328,45.0350757181731,0.9977468052695992,0.004035234451293945,39.16853267524068,0.9935230482596203,0.35939764976501465,46.527310849013844,0.9977683136182947,2.5670487880706787,43.51735829461931,0.9968937271827355,0.16995978355407715,43.15990667124106,0.9966654577532389,0.11983895301818848,43.500898077358585,0.9969299171951524,0.1038365364074707
kodim07.png,High-Texture/Detail,0.03,2,39.84686094174587,0.9929501015852594,0.011737585067749023,40.64226994212358,0.9946277112959655,0.009928464889526367,34.30608353949261,0.9816230204041289,1.0892744064331055,41.87019816029608,0.9932730914740269,2.613081455230713,39.31502007262755,0.9922129620110182,0.393096923828125,39.10050755656339,0.9918488448173748,0.3651726245880127,39.29644363058381,0.9923696011419362,0.2929525375366211
kodim07.png,High-Texture/Detail,0.03,4,37.80108356309749,0.9899915265280508,0.025371789932250977,38.15193037027993,0.9912527278461302,0.02938103675842285,33.30407628570465,0.9791736061548999,3.1449358463287354,39.40167660394557,0.9917665655799959,2.4945852756500244,37.60761288485312,0.9895291459836494,0.35569119453430176,37.35672025003291,0.9889828392742172,0.31707262992858887,37.53357787515498,0.9895614033253693,0.26747822761535645
kodim07.png,High-Texture/Detail,0.05,2,37.77458606469213,0.988195204062594,0.02203512191772461,38.92588917820228,0.9915363647067084,0.017650365829467773,31.876496589469376,0.9691892408907302,1.8300094604492188,40.05985115300123,0.9870683914621995,2.4845330715179443,36.95719615328426,0.9859114510794472,0.6031594276428223,36.865316195813186,0.9856596027459795,0.5619442462921143,37.03566718393055,0.9865367619136597,0.4758591651916504
kodim07.png,High-Texture/Detail,0.05,4,36.23040981905262,0.9847926608904768,0.017694950103759766,36.93710421992258,0.9872945620084579,0.015369653701782227,30.908476514645464,0.965806414513395,1.7065165042877197,39.092516532273514,0.9886135385515223,2.622042417526245,35.65345371347669,0.9828387283771366,0.5888586044311523,35.44204056610427,0.9820917732006006,0.5476205348968506,35.62919953011368,0.9832818108602379,0.4787116050720215
kodim08.png,Urban/Structures,0.01,2,38.167992244495224,0.9954628631475481,0.005313873291015625,38.75842020662306,0.996153704608361,0.004613637924194336,34.579325198454065,0.992630230281101,0.49106645584106445,40.18624524029618,0.9960845798712036,2.5912258625030518,36.82005241168128,0.9939266588784804,0.18543076515197754,36.7384745253903,0.993922168111769,0.14752888679504395,37.136211040667376,0.9944608302813284,0.12839961051940918
kodim08.png,Urban/Structures,0.01,4,38.57842231629625,0.9945831256059434,0.00494074821472168,38.93443182214564,0.9949639864279888,0.0045320987701416016,34.279456495251864,0.9913134253411663,0.3896980285644531,41.65198355230871,0.9964920664347078,2.5839755535125732,38.123956153985205,0.9940216636280046,0.17525744438171387,37.91364112105363,0.9938575574942036,0.13211727142333984,38.11409426859994,0.9941553869082228,0.10950803756713867
kodim08.png,Urban/Structures,0.03,2,33.44713235634932,0.9873457821084025,0.01205897331237793,34.36555604662154,0.9895634294338199,0.010140419006347656,28.895371028982755,0.9758687150470097,1.0560081005096436,35.88319679892287,0.9906942554074573,2.5650060176849365,32.99872323926599,0.9859631243622212,0.369037389755249,32.96758590142134,0.9859040196294918,0.3697831630706787,32.8227628888638,0.9856981124309668,0.2839236259460449
kodim08.png,Urban/Structures,0.03,4,33.175585531707206,0.984591523119084,0.011038064956665039,33.70673054137721,0.9859814036456164,0.013263940811157227,29.19050221271421,0.9772090714770517,1.2642464637756348,36.51399285008595,0.9895041185285391,3.345583915710449,32.604189159912934,0.9822349150498445,0.4491274356842041,32.57684049316792,0.9822801490995228,0.3831920623779297,32.51262313997158,0.9825500876870779,0.37193775177001953
kodim08.png,Urban/Structures,0.05,2,31.515964146361547,0.9792912680466649,0.02410888671875,32.28886902380092,0.9824073964033392,0.01740884780883789,26.696189734142663,0.9601779597144092,2.0440256595611572,33.95439323586285,0.9837620591695707,2.8760993480682373,30.796497489221913,0.9761076888848789,0.6041486263275146,30.83714353233858,0.9762314436047176,0.5679938793182373,30.711307027844633,0.9764496750796771,0.468919038772583
kodim08.png,Urban/Structures,0.05,4,31.173823115510395,0.9773893091801743,0.015180349349975586,31.74516607378537,0.9795750691724053,0.014135599136352539,26.397580171294525,0.9605746355356416,1.610563039779663,33.9617102489117,0.9842421883775164,2.5965638160705566,30.684448823192817,0.9750070360090358,0.5614194869995117,30.582050548715607,0.9746047755945835,0.5269243717193604,30.578984169971722,0.9749780539604513,0.4438021183013916
kodim09.png,Urban/Structures,0.01,2,45.20405259724251,0.9977279567659814,0.006290912628173828,47.30549451747628,0.9982473798368572,0.004514455795288086,39.87885440555586,0.9950985848325877,0.38376832008361816,47.41194497300867,0.9959149177826369,2.5427277088165283,44.17572117555895,0.9974373061850527,0.16389822959899902,44.16837919480972,0.9974386962921106,0.12278079986572266,44.064448168461645,0.9974765612230151,0.10236239433288574
kodim09.png,Urban/Structures,0.01,4,40.9042924690507,0.9956880764447148,0.00635075569152832,41.34862087090894,0.9961133759325201,0.005990266799926758,38.63158227509631,0.9926066876861901,0.5270066261291504,46.02394907141946,0.996688315378797,2.695361614227295,40.75801896400252,0.9953795029994282,0.23399615287780762,40.64594413792555,0.9952550795114675,0.19521641731262207,40.721959396862175,0.9955174156754961,0.15700912475585938
kodim09.png,Urban/Structures,0.03,2,38.322538867763676,0.9919419205722732,0.014315605163574219,39.44460519377638,0.9934752296584312,0.012730121612548828,33.44033311649144,0.9846668244112114,1.4294829368591309,40.035436266240616,0.9866574891414374,2.9918456077575684,37.69446545258588,0.9910028034113175,0.421738862991333,37.576656457971545,0.9908733518482702,0.47607946395874023,37.62783129219806,0.9912678034494057,0.40525007247924805
kodim09.png,Urban/Structures,0.03,4,42.01962575626399,0.9933356957364813,0.016254186630249023,42.78690681833986,0.9941412776683256,0.010879278182983398,37.5714831045658,0.9881120973771411,1.7031726837158203,42.698085785385516,0.9905820734338828,3.0016965866088867,41.08198577553654,0.9925326649230929,0.4588615894317627,40.98731954919381,0.9924345836790138,0.4448390007019043,41.26927150532598,0.9928328535725027,0.4462850093841553
kodim09.png,Urban/Structures,0.05,2,38.44116320853859,0.9889115126993967,0.024455547332763672,39.500123798182834,0.9906347781075525,0.020466089248657227,33.27342172783951,0.978107817706149,2.3975586891174316,39.781944473004,0.9821511933237105,2.961062431335449,37.69855085137403,0.9876844883581563,0.7251706123352051,37.52248724425761,0.9874938097617391,0.7007014751434326,37.70997998066899,0.9880231453158888,0.6675238609313965
kodim09.png,Urban/Structures,0.05,4,37.38190736481821,0.9893180621762022,0.02075338363647461,38.134692708640436,0.9904756612602291,0.020770549774169922,33.549868016521685,0.9824212134721214,1.9357719421386719,40.43996734727933,0.9882908958984138,2.879958152770996,36.990786455979425,0.9888088718495937,0.720285177230835,36.73919836803202,0.9885078353366752,0.7102532386779785,36.95668677143611,0.9889778903395635,0.5654699802398682
kodim10.png,High-Texture/Detail,0.01,2,49.48631315507275,0.9978973364490972,0.01205897331237793,50.57015242523697,0.9983224300283263,0.00932455062866211,46.003842401217824,0.9966390384786967,0.601224422454834,50.4981415756427,0.9965161932758182,2.9313645362854004,48.57814439171374,0.9978024896358298,0.1995546817779541,48.6667717165591,0.9977665121245379,0.16885924339294434,48.42079350432563,0.9978405222939256,0.15253591537475586
kodim10.png,High-Texture/Detail,0.01,4,46.94883165389559,0.9966401628504737,0.006568431854248047,47.15869447782325,0.9967962785769634,0.007178783416748047,44.95610700717464,0.9960740586424551,0.5667719841003418,47.90336163072933,0.9966673569826807,2.937520980834961,46.860286791219025,0.9966568841298407,0.17882609367370605,46.74414478105707,0.9966046423981805,0.18577194213867188,46.885369275318595,0.996685548840086,0.15907931327819824
kodim10.png,High-Texture/Detail,0.03,2,41.868391406021274,0.9929585920958465,0.014141082763671875,42.682915395942345,0.9941585551821261,0.01162409782409668,37.97777370578161,0.9882859629866175,1.659538984298706,42.87809312226435,0.9905062470843361,3.025850296020508,41.22594375885403,0.9921132434153269,0.48619580268859863,41.103407943926875,0.9920143813657424,0.4024162292480469,41.39726371405045,0.9925064385057935,0.36110734939575195
kodim10.png,High-Texture/Detail,0.03,4,42.78565932622371,0.9914672477469141,0.013573884963989258,43.3092381010706,0.992302742210596,0.011255979537963867,39.484622340447125,0.986263166696245,1.470426321029663,44.73376065803546,0.9929423847494573,3.08994722366333,42.47413520565252,0.9909112484787835,0.41225576400756836,42.26511395711484,0.9904795172885973,0.43885016441345215,42.681620778665554,0.9912457536489351,0.3553764820098877
kodim10.png,High-Texture/Detail,0.05,2,42.11247857475048,0.9905227375975568,0.022986173629760742,43.08148293517604,0.9921938339083848,0.018999814987182617,37.15322532193122,0.981773867435177,2.421360731124878,42.67656884937768,0.9848086383417272,3.1370298862457275,41.48504671198993,0.9896817001854182,0.663093090057373,41.504083180055524,0.9895939692212897,0.582054615020752,41.47306607035488,0.989999990679356,0.4958333969116211
kodim10.png,High-Texture/Detail,0.05,4,38.5836090144145,0.9854332416000471,0.018181324005126953,38.90371650996417,0.9868068880284402,0.01618671417236328,33.71605857963827,0.9763045140117126,2.0409815311431885,39.7785944481124,0.9853050287726441,3.1051225662231445,38.372821326918725,0.9845450946225153,0.6221985816955566,38.208373900646286,0.984072214334557,0.6216163635253906,38.45238809669188,0.9850217450750892,0.4937014579772949
kodim11.png,High-Texture/Detail,0.01,2,42.32185426214307,0.9966089276494999,0.005495786666870117,42.86200064745026,0.9970841508301321,0.004328727722167969,37.53281494811855,0.993234812468788,0.42298269271850586,43.66924659228077,0.9965744825348569,2.9998388290405273,41.67227692283287,0.9961989885391409,0.16707420349121094,41.62062355967187,0.9961544715006388,0.13144946098327637,41.81432987391358,0.996354932804335,0.1250627040863037
kodim11.png,High-Texture/Detail,0.01,4,38.278108158327015,0.9932530957750118,0.0057795047760009766,38.30756239304405,0.9936840413928895,0.005315303802490234,34.58439233596244,0.9885880417669289,0.48897624015808105,38.405320030965115,0.9939112276217573,2.9348740577697754,38.119599623760834,0.992811366026675,0.20919418334960938,38.10979267934846,0.9927183853691931,0.16673493385314941,38.158642401363196,0.9929735939695258,0.14599227905273438
kodim11.png,High-Texture/Detail,0.03,2,39.887239337583026,0.9898653527340097,0.014813899993896484,40.59866469313338,0.9912397603100905,0.01399087905883789,35.90840695127273,0.981083584050548,1.766631841659546,40.27949846583118,0.987760884207079,3.201171398162842,39.33561252821883,0.9891605968042584,0.4049673080444336,39.33806196237698,0.9890789038831261,0.3926856517791748,39.48621003777219,0.9894027195587002,0.35215187072753906
kodim11.png,High-Texture/Detail,0.03,4,36.87418882284944,0.9887996373216126,0.012828826904296875,37.27015082428896,0.990112324481954,0.011317014694213867,31.330069721388153,0.9767971215231195,1.1514782905578613,37.99022232858832,0.9907007491899606,7.3973705768585205,36.223115371901734,0.9872982113462859,0.4053764343261719,36.20106255827875,0.9871667981662183,0.3775668144226074,36.266860120228124,0.9876343555458599,0.301959753036499
kodim11.png,High-Texture/Detail,0.05,2,36.27253328956365,0.9830823842835944,0.020788908004760742,36.77143479487258,0.9853521159554512,0.015920639038085938,31.122191616507337,0.9647228497922677,1.7838506698608398,36.87793635406215,0.9829368098565104,2.6366257667541504,35.484221788258864,0.9807453978532447,0.5755035877227783,35.44976130002435,0.9804734293252646,0.5535299777984619,35.63515599160905,0.9815027115355689,0.4478614330291748
kodim11.png,High-Texture/Detail,0.05,4,36.93401177696349,0.9793678084062539,0.017014741897583008,37.20695475739176,0.9802464546556129,0.014140605926513672,32.4121617527905,0.9634176158275701,1.7171800136566162,37.17089028645643,0.9780722755042749,2.5970637798309326,36.5302596882031,0.9785098669430535,0.5746386051177979,36.42041273779467,0.9780643246338899,0.5473363399505615,36.569181335678046,0.9785679269012469,0.4589042663574219
kodim12.png,Portraits/People,0.01,2,47.79655869069597,0.9970790986391137,0.005946159362792969,48.85068248017208,0.9974422844056217,0.004433631896972656,44.229375233408135,0.9955713391888247,0.41182470321655273,46.7180459397167,0.9944746666173324,2.7516634464263916,46.57270263435212,0.9968189907537397,0.1546471118927002,46.57715654522911,0.9968062033099322,0.13012027740478516,46.70998797134749,0.9968405938265742,0.10878396034240723
kodim12.png,Portraits/People,0.01,4,42.148301422735024,0.9964793547139928,0.004903316497802734,42.53239384122609,0.9968756177123935,0.004524946212768555,35.94566445176005,0.9914486811774831,0.37441015243530273,44.538233682233,0.9964621954769362,2.6371593475341797,41.58406275565858,0.996177389415553,0.16381239891052246,41.34155345219519,0.9960727500822103,0.13439059257507324,41.85627381604871,0.9963244674109412,0.11397194862365723
kodim12.png,Portraits/People,0.03,2,41.64518002241681,0.9921976746068767,0.012681961059570312,42.378889401419656,0.9934645398938474,0.010402917861938477,37.764373634652195,0.9867941522423962,1.1710395812988281,42.77513444574347,0.9867184936163235,2.713838577270508,41.009117173214676,0.9918331743029093,0.3649611473083496,40.9784293276813,0.9916901976299602,0.3498415946960449,41.00101347297488,0.9919563087085321,0.28708863258361816
kodim12.png,Portraits/People,0.03,4,41.19567958275671,0.9896256076847773,0.011217594146728516,41.426969147696305,0.9901124894663291,0.011270999908447266,36.30217876631426,0.9828055802954475,1.194298505783081,40.541393838375626,0.9849532427275071,2.699498414993286,40.59363576102711,0.9891228847142619,0.40639209747314453,40.51208350713651,0.988891293236969,0.37118077278137207,40.64930847316005,0.9893055435353043,0.3069186210632324
kodim12.png,Portraits/People,0.05,2,41.29272041772027,0.9874316135685847,0.020114660263061523,42.367413504608905,0.9892437303278699,0.01671576499938965,35.08521296476096,0.9763158480362616,1.8020150661468506,41.09314022429867,0.9785170539070999,2.634735584259033,40.66864189754327,0.9869950355613669,0.5876550674438477,40.785278452146215,0.9868606792599177,0.5600879192352295,40.51372990461398,0.9870686924649563,0.46965599060058594
kodim12.png,Portraits/People,0.05,4,40.36456080270373,0.9845446541414472,0.016691207885742188,40.72486664732946,0.9856370769804267,0.014843463897705078,35.08828335824156,0.9733072273450775,1.670395851135254,41.39514915015038,0.9812829192443745,2.645313262939453,39.775165287722196,0.983791855165063,0.572730302810669,39.61583336361427,0.9834063494827642,0.5511059761047363,39.859560222430915,0.9840854392405963,0.4614570140838623
kodim13.png,Landscapes,0.01,2,39.077896006091805,0.9956179619970243,0.0069713592529296875,39.412858519457444,0.9960619372722834,0.004479408264160156,33.94767063894216,0.9894924249872227,0.4167299270629883,39.73739777309448,0.9959483945364953,2.6212339401245117,38.43356103320714,0.9950429553950227,0.1673741340637207,38.54029938704665,0.9950955339114854,0.12947654724121094,38.28676986896462,0.9950464504195358,0.112030029296875
kodim13.png,Landscapes,0.01,4,38.59514885970992,0.9941301391533806,0.00543665885925293,38.50803341392142,0.9941553744754482,0.005267620086669922,34.70816836266377,0.98924741461034,0.44513773918151855,38.16160574749408,0.993260998714342,2.71608567237854,38.353369531133886,0.9937429884042611,0.16898751258850098,38.273117606197566,0.9936583408401889,0.13828063011169434,38.37964486651765,0.9938530411685708,0.1213083267211914
kodim13.png,Landscapes,0.03,2,35.11685767738628,0.9853094875359495,0.013962745666503906,35.31804055494712,0.9860336197856675,0.010171651840209961,31.484733902293783,0.9724042361081878,1.1512646675109863,34.83482030191916,0.9835773814454601,2.6667826175689697,34.83224946919118,0.9843043950548251,0.37640881538391113,34.819050728609405,0.9842748111003345,0.3401174545288086,34.79539808564375,0.9843899342046655,0.28595590591430664
kodim13.png,Landscapes,0.03,4,32.205848258436156,0.9799600861225582,0.010483503341674805,32.12300768869119,0.979976055781275,0.009370565414428711,29.21485127814515,0.9685023596155876,1.0823791027069092,31.585806786832432,0.9783569121985431,2.697387218475342,32.35225868491788,0.979776233970191,0.3911912441253662,32.29364663362794,0.9795330724294016,0.3632926940917969,32.34464981640306,0.9798072845757698,0.30396389961242676
kodim13.png,Landscapes,0.05,2,32.41198415755301,0.9748933047368201,0.02232050895690918,32.572810730629286,0.9762077059552619,0.0163116455078125,28.29666116831774,0.9498318441415682,1.8423442840576172,32.11729630263879,0.9734266686246071,2.6499688625335693,32.1654126999461,0.9732967342586885,0.5895500183105469,32.13547533386785,0.9731347450375644,0.5705091953277588,32.11723914556631,0.9734421125069778,0.47789478302001953
kodim13.png,Landscapes,0.05,4,32.95782042584398,0.9731080573089579,0.01666116714477539,33.05389442946349,0.9734311725513091,0.013879060745239258,28.83432502475449,0.9521244500340661,1.7181713581085205,32.444378693653036,0.969920523220238,2.5128674507141113,32.81617913704616,0.9717936171562944,0.5807750225067139,32.74688941741883,0.9715066596402498,0.540734052658081,32.858729808087986,0.9723313813877219,0.4527773857116699
kodim14.png,Landscapes,0.01,2,43.06746374615069,0.996153519798804,0.006403446197509766,43.987754186042366,0.9967576509182567,0.004436969757080078,37.97026364995139,0.9912695722220749,0.4245467185974121,43.97389955873105,0.9961172036228252,2.4896111488342285,42.40484029695784,0.9957186990418281,0.16328811645507812,42.34564721240982,0.9956781126115736,0.13074946403503418,42.43664485481864,0.9957727940697126,0.11112618446350098
kodim14.png,Landscapes,0.01,4,38.03626855564317,0.9931095068099104,0.005731344223022461,38.15226851892749,0.9934172021212387,0.004911184310913086,33.823977146179665,0.9872926458291459,0.5162322521209717,39.18521135372208,0.9932945600204475,2.4607784748077393,37.7274942913425,0.99265707536649,0.21802163124084473,37.5391450738997,0.9924442689867888,0.1714034080505371,37.82701624395007,0.9928719179409763,0.14937806129455566
kodim14.png,Landscapes,0.03,2,37.819379408269995,0.9887955156895621,0.017625093460083008,38.50148883744174,0.9902820905715132,0.015850543975830078,33.14823432601642,0.9763382000401162,1.2390313148498535,37.526228808322955,0.9825063989248871,2.636828660964966,37.40810446753207,0.9877461629862302,0.39617276191711426,37.32106219467595,0.9875446018527613,0.3666341304779053,37.3918336889212,0.9881274404765348,0.31081700325012207
kodim14.png,Landscapes,0.03,4,38.35419772955695,0.9869384636148605,0.010967493057250977,38.676473555883966,0.9875693555514652,0.008884191513061523,33.16983486988393,0.9743711740395217,0.9873356819152832,38.178369344603915,0.9857770639897673,2.519723892211914,38.01180098772532,0.9863927111654082,0.36255311965942383,37.894768955814286,0.9859720663143313,0.33377528190612793,38.00565531690729,0.9865731233446647,0.28269076347351074
kodim14.png,Landscapes,0.05,2,35.49941011013137,0.9830985850948114,0.022319555282592773,36.242143513578895,0.9857269942100041,0.016038179397583008,29.68858242001026,0.9579740867764085,1.6626198291778564,35.87603324451251,0.9781858433154745,2.5125820636749268,34.874911017718915,0.981445911777613,0.6003432273864746,34.85887743558175,0.9813956001627234,0.5460214614868164,34.86072936776913,0.9814485025005174,0.45581626892089844
kodim14.png,Landscapes,0.05,4,34.700794912175404,0.9788208579205023,0.015878915786743164,34.95946949155376,0.9801230510681869,0.014199495315551758,29.459298505798337,0.9573313668733207,1.646195411682129,35.15349503567188,0.9789642315213625,2.6123437881469727,34.421509316443625,0.9775707553548686,0.5782625675201416,34.28080610508414,0.9768923640406294,0.5325932502746582,34.51055092653509,0.9780682517219416,0.4517652988433838
kodim15.png,Portraits/People,0.01,2,48.36263597965537,0.9977311649252775,0.005434274673461914,48.89762552121036,0.997901715390296,0.004148244857788086,44.607512595987004,0.9961399636886673,0.3928415775299072,47.37054479221561,0.9963352834597319,2.656805992126465,47.94906853643398,0.9976078210478319,0.15622234344482422,47.80976074428577,0.9975790396865256,0.1181647777557373,48.14674453081396,0.9977423817016899,0.10326218605041504
kodim15.png,Portraits/People,0.01,4,47.47638251282483,0.9977435709045892,0.0060291290283203125,47.56787829168532,0.9978653154834353,0.005482912063598633,44.93974315684024,0.9961866954814971,0.4030027389526367,47.91810215254718,0.9966036536215229,2.56486439704895,47.470708552082456,0.9977931281296968,0.1706230640411377,47.62269949144263,0.9978063560355402,0.12831759452819824,47.10224140927154,0.9977530158857734,0.10925602912902832
kodim15.png,Portraits/People,0.03,2,40.80911930051647,0.9926306314171628,0.014878988265991211,41.53614346730077,0.9938908430894141,0.011924982070922852,36.10549782295116,0.986203301914724,1.137831687927246,42.06585093753298,0.9892211248899695,2.4882750511169434,40.21170248795133,0.9921779519004957,0.4093782901763916,40.476757739625775,0.9922228540936278,0.35353970527648926,40.08586947222467,0.9923854967890434,0.2961771488189697
kodim15.png,Portraits/People,0.03,4,41.28761410000048,0.9931328391635103,0.01031637191772461,41.37421532548076,0.993399413839332,0.009884357452392578,35.754191278288154,0.987516555059917,0.996192216873169,42.05894984255296,0.991435408452996,2.527164936065674,40.43165236551809,0.9929443212385215,0.3696444034576416,40.52891455969056,0.992840336527118,0.33364129066467285,40.110285194670176,0.9930565524902315,0.27936410903930664
kodim15.png,Portraits/People,0.05,2,39.44835982873742,0.9879461517260967,0.02293872833251953,39.93917957851978,0.9897140508642698,0.01795649528503418,33.42465810860241,0.9745788424620616,1.8194100856781006,38.792789599222985,0.9812957457547894,2.559396505355835,38.77153623769707,0.9866538593019493,0.6063106060028076,38.873883936313554,0.9867345593159224,0.5596303939819336,38.732752509318075,0.9872600384952902,0.4691598415374756
kodim15.png,Portraits/People,0.05,4,38.239946073921786,0.985681815997974,0.017184019088745117,38.17787954340013,0.9865183892135067,0.015637636184692383,32.604978252723804,0.9741004080491433,1.6662559509277344,38.90719286451274,0.9835221774695492,2.6215415000915527,37.78358459104127,0.9849052804459717,0.6085853576660156,37.6882208646179,0.9846359625614198,0.5485169887542725,37.718961689777295,0.9853510814831427,0.45598387718200684
kodim16.png,Landscapes,0.01,2,45.082614963521095,0.995275826656559,0.006574153900146484,45.501279912589546,0.9955881213051624,0.005298137664794922,41.49711644003524,0.9914733482846722,0.5582380294799805,44.283483356647736,0.9933616082584372,2.555758476257324,45.171141209492376,0.9953573008299795,0.20172905921936035,45.063658501301155,0.9952651461937913,0.15726780891418457,44.98849226050968,0.9952637220704043,0.1323230266571045
kodim16.png,Landscapes,0.01,4,45.70202226508321,0.9964990267750823,0.004286050796508789,45.783625189889776,0.9966546838006961,0.0038433074951171875,41.74802214391807,0.9939017669883524,0.3280363082885742,45.918470148372286,0.9965954322178119,2.4868412017822266,45.684937720674014,0.996546668504995,0.16718626022338867,45.43033182867107,0.9963905023003301,0.12166595458984375,45.590635267733106,0.9964880927717094,0.10510873794555664
kodim16.png,Landscapes,0.03,2,41.04416321066673,0.9892446193950414,0.017767667770385742,41.420527733085706,0.9903527068648311,0.012439727783203125,37.557086610107596,0.9812420366833536,1.1130261421203613,41.196732530494884,0.9881346293653248,2.639472007751465,40.607039024431735,0.9883729008864433,0.38198161125183105,40.54207499890271,0.9882211568283767,0.3469560146331787,40.741091851005635,0.9886848654048853,0.2935154438018799
kodim16.png,Landscapes,0.03,4,39.5372015938209,0.9872488649475942,0.011937618255615234,39.561803869198656,0.9876719916658366,0.010030508041381836,35.77860559736377,0.9787444561440352,1.1428248882293701,39.71003638248568,0.9869183990170313,2.6965856552124023,39.4299293495995,0.9869044915800694,0.3709726333618164,39.35854540094396,0.9866392031947119,0.35448288917541504,39.432950288235936,0.9869571002873725,0.289752721786499
kodim16.png,Landscapes,0.05,2,39.52818378815911,0.9840624867638871,0.019906282424926758,39.85775824542924,0.9853181008033306,0.01679253578186035,35.61045595788816,0.9721024589036014,1.7656941413879395,39.18302204042774,0.9790317449479974,2.6861774921417236,39.18957591156788,0.9833182438336996,0.565356969833374,39.14138530757129,0.9832075246478921,0.537644624710083,39.25691909738033,0.9834638524529477,0.46495819091796875
kodim16.png,Landscapes,0.05,4,39.9095911967781,0.9834639989937161,0.019751787185668945,40.17977464659664,0.9847994496614602,0.017399072647094727,35.763318565558684,0.969291401526044,1.8748629093170166,39.444113488802714,0.9797230959135881,2.7240359783172607,39.87322980647472,0.9835831293970293,0.6084718704223633,39.77603307836451,0.9832769819941064,0.5813419818878174,39.8259769053908,0.9834075704278277,0.4914689064025879
kodim17.png,Portraits/People,0.01,2,46.91170952060765,0.996986414053755,0.00623631477355957,47.46584428118335,0.9974371188610531,0.0049440860748291016,42.64658729499147,0.9939476418453612,0.531872034072876,47.486241743396,0.9965684232838061,2.652491569519043,46.365948630169996,0.9966704928468406,0.18345904350280762,46.19753531486707,0.9965711006238722,0.15969586372375488,46.681563374970374,0.9969011874063801,0.13455915451049805
kodim17.png,Portraits/People,0.01,4,43.24617130867889,0.9966348843729215,0.004669189453125,43.44201172993836,0.9968559559656334,0.004081249237060547,39.395111184430995,0.9931734424804506,0.34593844413757324,43.188616699572066,0.996592746964965,2.6055307388305664,43.29300524124673,0.996716768736221,0.1468491554260254,42.99262999545622,0.9964808545729329,0.12162470817565918,43.27445072180622,0.9967189506414632,0.10055303573608398
kodim17.png,Portraits/People,0.03,2,41.15666317007491,0.9924418879113178,0.014040708541870117,41.796115114472066,0.9937749903170853,0.01115870475769043,35.53107245239896,0.9816879214271172,1.173513412475586,41.392267099381584,0.9909497936760019,2.628554582595825,40.706053840356624,0.991757683560602,0.4019358158111572,40.62115133184755,0.991595448388833,0.3621344566345215,40.8879757276808,0.9922627828644522,0.3069016933441162
kodim17.png,Portraits/People,0.03,4,39.98818082058336,0.9903941211644055,0.013139486312866211,40.52970761651754,0.9918541938291453,0.010766267776489258,35.945916660701954,0.9801840485497856,1.1839165687561035,40.19573143734213,0.9893455646714383,2.647371292114258,39.642228842630324,0.9895351843717535,0.39767932891845703,39.56246214180634,0.9892714481760717,0.355222225189209,39.77136442972106,0.9900751997712272,0.2955942153930664
kodim17.png,Portraits/People,0.05,2,39.05301265923784,0.9882155351461809,0.019606828689575195,39.6150835283004,0.9901977390458709,0.01629495620727539,34.75527724943778,0.9739417316363896,1.8418059349060059,39.611777920105474,0.9858886638281552,2.6802010536193848,38.60441920521423,0.9873019436296468,0.5848712921142578,38.55326094440046,0.9870252821968997,0.5706629753112793,38.790832249130965,0.9879931132546496,0.47050929069519043
kodim17.png,Portraits/People,0.05,4,38.882847012696566,0.9869933543162496,0.01893448829650879,39.00167880956526,0.988408795483619,0.015509366989135742,34.494889854502006,0.9723776134808092,1.8075950145721436,38.774250361554735,0.984779699191134,2.734783887863159,38.22550974076603,0.9854183684159222,0.555779218673706,38.12332323426,0.9850898063425864,0.5483865737915039,38.46474243732297,0.9863827046900049,0.45829129219055176
kodim18.png,Portraits/People,0.01,2,44.50495631323462,0.9962245656690744,0.007206439971923828,44.818726334973306,0.9967167657745386,0.005441427230834961,40.22492075761737,0.9917091683793754,0.5520813465118408,44.660658001770415,0.9957804487745715,2.656135320663452,43.751577823417726,0.9957950699690524,0.17064452171325684,43.68697792699061,0.9957212925447912,0.16249561309814453,43.6645837977824,0.995868441153311,0.1321113109588623
kodim18.png,Portraits/People,0.01,4,42.66767537741197,0.9955285292488436,0.006055355072021484,42.825751376947345,0.9957663183896166,0.00522303581237793,38.114964268345325,0.9915554785406332,0.505570650100708,42.95610381750798,0.9958598048478732,2.8343687057495117,42.3183719469104,0.9953975316556667,0.19661331176757812,42.25130470313259,0.9951908153434523,0.15956473350524902,42.19431845289881,0.9954430612263682,0.1414949893951416
kodim18.png,Portraits/People,0.03,2,36.61065019941724,0.990213900942292,0.013739347457885742,36.54855775312146,0.9911238149238782,0.010792970657348633,33.085240254570856,0.9806367870952473,1.1179864406585693,37.38417694096922,0.9890001200924702,2.6680190563201904,35.99153047305993,0.9887913992215306,0.36295461654663086,36.005990853627985,0.9886851772051181,0.3507497310638428,35.94980582668561,0.9893018139246174,0.2885453701019287
kodim18.png,Portraits/People,0.03,4,36.82014824228207,0.9885374921442862,0.012054920196533203,36.77859339467043,0.9890200182894331,0.010378837585449219,32.08361245926925,0.9780821544848344,1.199291706085205,37.37864408106516,0.9880882448980571,2.8328309059143066,36.563105855907146,0.9878673534223424,0.383256196975708,36.40352706025985,0.9874998359417023,0.36998677253723145,36.52455399514694,0.9881005382998568,0.3017609119415283
kodim18.png,Portraits/People,0.05,2,37.40067448085064,0.9847895083724797,0.02041149139404297,37.934418355461254,0.9867980551817633,0.017113685607910156,32.83401358293451,0.9654093601509813,1.786428689956665,37.90571144137915,0.983286525520958,2.7182669639587402,36.637006156914445,0.9826548368444481,0.5829367637634277,36.57378391529405,0.9823378768669341,0.5506951808929443,36.65834439453198,0.9834711826173413,0.47027158737182617
kodim18.png,Portraits/People,0.05,4,35.89392199199472,0.98166052551622,0.01636505126953125,35.94025939408288,0.9825996647978563,0.015654325485229492,32.44245919364612,0.9668101836392916,1.751281976699829,36.62649482494316,0.9822904995309919,2.815727710723877,35.64429770812313,0.9802233566991938,0.5819189548492432,35.52156105659505,0.9797091153560973,0.5516703128814697,35.700167523890535,0.9810226466893677,0.4612424373626709
kodim19.png,High-Texture/Detail,0.01,2,43.15225999024025,0.997007251356433,0.005876064300537109,44.289333491037944,0.9975091731668417,0.004859209060668945,41.86521334295411,0.9955519520656618,0.42356085777282715,45.03703992035119,0.9964177905428909,2.8092658519744873,41.87622378324334,0.9964298622392506,0.16603636741638184,41.89901779707994,0.9964214913298353,0.12532567977905273,41.782912421702896,0.9966284280750611,0.11149764060974121
kodim19.png,High-Texture/Detail,0.01,4,42.84263906440578,0.9969046557253867,0.005759000778198242,42.85410014973331,0.9971167261738801,0.004876852035522461,40.08992124305586,0.9952389967311089,0.48313403129577637,45.55438782166834,0.9970018674251667,2.6527926921844482,40.952919905945116,0.9960156033929616,0.16622352600097656,40.897980782851434,0.9959410043707019,0.1499800682067871,41.45500764948136,0.9963634969205047,0.1276402473449707
kodim19.png,High-Texture/Detail,0.03,2,36.78346153386513,0.9898614674331975,0.013057708740234375,37.77477735756511,0.9914139915916036,0.010519027709960938,34.01105207374707,0.9838804264382807,1.1484270095825195,39.29570796159714,0.9900025563467202,2.7149882316589355,36.34994577230391,0.9891697596977642,0.3568429946899414,36.25520846728588,0.9890113941111225,0.34912562370300293,36.219694415051244,0.9892699618786942,0.29799365997314453
kodim19.png,High-Texture/Detail,0.03,4,39.094262652196555,0.991574171665014,0.011349678039550781,39.96636897554523,0.9923288283959635,0.009567975997924805,37.12148938879867,0.985960821994889,1.0538816452026367,42.09843131055467,0.9903966814487912,2.670382022857666,38.805765288649575,0.9911249245918393,0.3546409606933594,38.579255380365886,0.9908915590028992,0.34054136276245117,38.514696455015496,0.9912191254516856,0.28207945823669434
kodim19.png,High-Texture/Detail,0.05,2,34.979781762752616,0.9843300663358576,0.02008223533630371,35.67477562758662,0.9863965960215758,0.016772747039794922,32.96191653919023,0.9741954420761926,1.8862872123718262,37.88321579477549,0.9836195580010236,2.7004082202911377,34.533280865378586,0.9827083357494085,0.6003940105438232,34.41079607008633,0.9824512380317135,0.5775549411773682,34.47560363454209,0.9832321467304558,0.4863407611846924
kodim19.png,High-Texture/Detail,0.05,4,34.547338974462455,0.9823792134954679,0.01873302459716797,35.18735299223242,0.983784324953307,0.01653599739074707,31.482684579907577,0.9704353625327059,1.8571090698242188,37.29445527550973,0.9832359848284394,2.6750190258026123,34.32983063042751,0.9814936931098517,0.5987570285797119,34.16220760182704,0.9810194329123827,0.5848429203033447,34.13193349039359,0.9816169819677151,0.4870121479034424
kodim20.png,High-Texture/Detail,0.01,2,41.08845007637353,0.9966454511109704,0.0068416595458984375,41.417232531774374,0.9969128725784017,0.005335569381713867,35.79774976105422,0.9927281932957405,0.5045299530029297,42.575369039230466,0.9947009323718753,2.7409162521362305,40.84670003492951,0.996403365354281,0.18394732475280762,40.873280863088894,0.9964373186539303,0.15377521514892578,40.62894352268539,0.9962969472209564,0.12834906578063965
kodim20.png,High-Texture/Detail,0.01,4,46.634558601207445,0.9978244247418564,0.005084514617919922,47.65097995492024,0.9981470371610928,0.0042264461517333984,41.07022746139775,0.9959872026475528,0.3690218925476074,48.29404004356132,0.9976033735693366,2.7177557945251465,45.970530058060575,0.997660048471445,0.15552949905395508,45.9235409559942,0.9976399003605848,0.12468123435974121,46.03227038231133,0.9977264044647142,0.10462069511413574
kodim20.png,High-Texture/Detail,0.03,2,42.086527808992514,0.9966437852393808,0.013249397277832031,43.32954205370595,0.9972477495212839,0.010265827178955078,38.4200823670226,0.9939585035621125,1.1466922760009766,43.61465527740297,0.9908843953938234,2.639099597930908,41.51163041800673,0.9963358459392495,0.3681163787841797,41.425130912736535,0.9963794541109277,0.33783960342407227,41.48657003862978,0.9963759809370168,0.2811393737792969
kodim20.png,High-Texture/Detail,0.03,4,37.14091743862926,0.9916198149692632,0.010345458984375,37.09023109527394,0.9920230049200529,0.009627342224121094,32.45188037822354,0.9834722380245565,1.061898946762085,38.952585820560024,0.9916024256919291,2.6411211490631104,36.51150712792973,0.99063533354593,0.3785862922668457,36.51333627826022,0.9905951430919299,0.35558462142944336,36.47998683951275,0.9907023804929297,0.2911841869354248
kodim20.png,High-Texture/Detail,0.05,2,37.018593995328274,0.9888378777025609,0.02104020118713379,37.63852266618394,0.990061880875183,0.016889572143554688,31.599949695073498,0.9773454371314295,1.8302428722381592,37.43666457536262,0.9779770917918321,2.6426610946655273,36.508065230614164,0.9878292010997815,0.5718202590942383,36.56521282274435,0.9879013037526191,0.555039644241333,36.26952453636378,0.9876692440626064,0.4584484100341797
kodim20.png,High-Texture/Detail,0.05,4,37.50007473531207,0.9879719282155838,0.019141197204589844,37.9652461956842,0.9889005334422841,0.016933441162109375,32.44477144352406,0.9767292829737158,1.8043897151947021,38.96299300642207,0.9846095392070803,2.692504405975342,36.88673779104517,0.9871789537722712,0.6058065891265869,36.91030003725753,0.9870894732068135,0.5752511024475098,36.76198979628663,0.9872073201314655,0.491288423538208
kodim21.png,Landscapes,0.01,2,41.87968658891937,0.9961969227319045,0.00497746467590332,42.24206530896236,0.9965296130636053,0.004458427429199219,37.3704934929064,0.9922023899029405,0.4426543712615967,40.6072200372223,0.9932189309428449,2.676283359527588,41.963969558288724,0.9960724658873303,0.1588599681854248,41.92062436175814,0.9960179589448065,0.13432669639587402,41.861725546679196,0.9960441566001607,0.11153483390808105
kodim21.png,Landscapes,0.01,4,43.8723355136166,0.9965606391729148,0.005922079086303711,44.65871614036451,0.9969013173107818,0.004578590393066406,39.08348422641186,0.9936814378843768,0.4200477600097656,45.14584953720308,0.9964808695271716,2.6474058628082275,43.33846374725945,0.9963649094667776,0.16565251350402832,43.1983031403725,0.9962454428606412,0.1411895751953125,43.321424405440695,0.9964016387631904,0.11907410621643066
kodim21.png,Landscapes,0.03,2,38.21443061845888,0.9911722665284789,0.01471567153930664,38.819292767646445,0.9924903837344443,0.01142430305480957,32.97201538099441,0.9817067126695346,1.1949563026428223,38.61068541642414,0.9866341096447678,2.6853208541870117,37.97916037912631,0.9907085296538294,0.3921341896057129,37.85455093485331,0.9905943656907601,0.3670387268066406,37.83415072952532,0.9905897651203065,0.30118775367736816
kodim21.png,Landscapes,0.03,4,36.20404431793921,0.9893306235935461,0.010723114013671875,36.42852561924449,0.9900756385932984,0.010146617889404297,32.28520222986898,0.9811626302602159,1.1403064727783203,36.36412780286634,0.9892073447246061,2.684725046157837,35.93279920656462,0.9886810810380938,0.3974132537841797,35.974096498694436,0.9884608533836715,0.3733541965484619,35.93922484260734,0.9888984749064388,0.3035736083984375
kodim21.png,Landscapes,0.05,2,37.99502466358991,0.9887661410774072,0.019887208938598633,38.593403477026655,0.9901399306771878,0.016103744506835938,32.935283136931155,0.9762978036323657,1.7543902397155762,38.26129352662169,0.9802978360145543,2.666213274002075,37.52404194238403,0.9878892270468534,0.5782721042633057,37.54564080634144,0.9878308665115281,0.5425477027893066,37.52000446667398,0.9882252566767558,0.46079301834106445
kodim21.png,Landscapes,0.05,4,35.810882972802005,0.983419670483762,0.016696453094482422,36.07392199199637,0.9845599066432976,0.015880823135375977,31.57594878993725,0.9695791466173924,1.743086338043213,36.34858662898595,0.9827005254767981,2.691488027572632,35.683147044770166,0.9826066844848184,0.6014492511749268,35.54033767967357,0.9821949056111153,0.5677103996276855,35.67685159067406,0.982909733322893,0.47713470458984375
kodim22.png,Urban/Structures,0.01,2,44.34444643898968,0.9968091424461202,0.007515430450439453,45.458278048708046,0.997388915914463,0.004874467849731445,39.7934416009764,0.993790344297273,0.42531275749206543,44.116798142426205,0.9949606539919941,2.7459864616394043,44.05662892341097,0.9966373070108148,0.17247986793518066,43.883912432841264,0.996597128336055,0.1305065155029297,43.87332025872514,0.9966631260321374,0.10899138450622559
kodim22.png,Urban/Structures,0.01,4,41.01584796534076,0.9960827552912108,0.005387544631958008,41.0891688454842,0.9963704914776845,0.00413823127746582,38.76276226781434,0.9935951282709766,0.3873319625854492,44.13775168778137,0.9961203251864821,2.7433345317840576,40.72136173562459,0.9956130208836168,0.14140057563781738,40.67781348664312,0.9955496777498279,0.12400579452514648,40.87029194956,0.9958694399111575,0.10395026206970215
kodim22.png,Urban/Structures,0.03,2,39.99211643164899,0.9899124819932817,0.013089895248413086,40.43154793486336,0.990978189767305,0.009821891784667969,36.12925772121696,0.9809207731644932,1.1833982467651367,39.6929361900902,0.9868369070893652,2.864757537841797,39.37477656766546,0.9886776283752495,0.35080456733703613,39.321692085192026,0.9885290850535088,0.34415721893310547,39.34789205229854,0.9891284491563012,0.2764589786529541
kodim22.png,Urban/Structures,0.03,4,38.263732902351386,0.9877722352810377,0.012073993682861328,38.624003423181094,0.988783843803259,0.009684324264526367,35.20123082951108,0.9800126545919122,1.0743114948272705,39.39610874101087,0.9873291462981612,2.829819440841675,37.891539974754295,0.9868236134307455,0.36056947708129883,37.78681589607147,0.986560958292802,0.33676910400390625,37.95315757608984,0.9872866357122784,0.28177571296691895
kodim22.png,Urban/Structures,0.05,2,37.402677419547025,0.9843832642172123,0.020846843719482422,38.22123024507084,0.9866806164306702,0.016347169876098633,33.68522322512034,0.9694538872244131,1.776123285293579,38.13736025962578,0.9800596775463338,2.6931703090667725,36.975818451198926,0.9831226650026025,0.5807490348815918,36.98911783823265,0.9829393577603293,0.5543513298034668,36.93021919584246,0.9835360647901744,0.46106791496276855
kodim22.png,Urban/Structures,0.05,4,36.715144889788064,0.9816707557185946,0.016742467880249023,36.86880387830839,0.9825112289282835,0.015527009963989258,32.97108398954416,0.9670621914038469,1.7440450191497803,36.90930616782386,0.9792883229969321,2.831956148147583,36.37403720596985,0.9806020452042765,0.5944068431854248,36.29770371931265,0.9801509904040103,0.5630788803100586,36.38172690262957,0.9811281139656974,0.4703335762023926
kodim23.png,Landscapes,0.01,2,43.133220622147505,0.9975455839140469,0.008077621459960938,43.96263185875422,0.9981688720247818,0.00613856315612793,36.28262028618288,0.9937770997533996,0.5547266006469727,44.46833615884024,0.993700770184622,2.8281173706054688,42.23077358438758,0.9973770292121218,0.1797654628753662,42.38557318918349,0.9973936570476475,0.16608786582946777,41.70846332208938,0.9973570812854792,0.13938379287719727
kodim23.png,Landscapes,0.01,4,44.23954640297399,0.9978260314496511,0.006623506546020508,44.850602886809256,0.9982201927917709,0.0053195953369140625,37.97380098027479,0.994735232200187,0.5084054470062256,45.358870919132784,0.9955551238060547,2.739034414291382,42.90012792616963,0.9976784118378902,0.18904399871826172,42.87513723354796,0.9976324763939056,0.15062761306762695,43.17059709622603,0.9977799343243218,0.12752842903137207
kodim23.png,Landscapes,0.03,2,42.55035563914785,0.9958128182410313,0.01386713981628418,43.72191618563747,0.9969998481018378,0.010960102081298828,36.60455118526734,0.9894269623862488,1.1390793323516846,42.400997548613695,0.987169680607045,2.8649990558624268,40.98018434695704,0.9954032978614672,0.3525512218475342,41.06732072074978,0.99540637025855,0.33681726455688477,41.410758522580636,0.9957334474254137,0.2802269458770752
kodim23.png,Landscapes,0.03,4,42.83270574747904,0.9946247198510413,0.012472867965698242,43.50296376992793,0.9953962513089111,0.010081291198730469,37.08639374541428,0.986937367610131,1.0136988162994385,43.17389166850803,0.990039244658985,2.7411742210388184,42.00396708014031,0.994176694180581,0.33963775634765625,41.80124578169834,0.9939685064421203,0.3339242935180664,42.24011508880365,0.9945550128856251,0.27970457077026367
kodim23.png,Landscapes,0.05,2,39.463157732588584,0.9918655793576594,0.020486116409301758,40.18178677913133,0.9935239110283561,0.016967058181762695,33.66116522628643,0.9792246878838204,1.7838397026062012,40.23150141589583,0.9815312374225665,2.7887024879455566,38.62888605668446,0.9913228408783151,0.5577771663665771,38.55790378610906,0.9911374039890471,0.5576114654541016,38.60504702111517,0.9917436714250281,0.45689964294433594
kodim23.png,Landscapes,0.05,4,37.24749478691067,0.9892666020365014,0.01749897003173828,37.36504839709212,0.9905483795593021,0.015637874603271484,32.85005062401376,0.9770473411552533,1.719785451889038,37.69954946695687,0.9825843202634089,2.805438995361328,36.91099749363873,0.9886663722831016,0.5567400455474854,36.86701606706448,0.9883997874081948,0.5495734214782715,36.823775296760836,0.9890712144091439,0.45126962661743164
kodim24.png,Urban/Structures,0.01,2,42.81171260938013,0.9964214272265672,0.00579380989074707,43.17543814654301,0.9970271545079687,0.005184650421142578,38.929940004281264,0.994102394965632,0.5480234622955322,43.1631262843385,0.9960268781042947,2.7356927394866943,42.2289381501521,0.9956285427592054,0.19171452522277832,42.13760807101047,0.9955852203739132,0.1545858383178711,42.385845815176694,0.9960288271713269,0.12796831130981445
kodim24.png,Urban/Structures,0.01,4,36.76326542705106,0.995590703539455,0.00577545166015625,36.3944661078904,0.9958516341123559,0.004221200942993164,34.767092751355754,0.9936931157292515,0.38036465644836426,36.964053474926004,0.9957297452603843,2.7644684314727783,36.582517069269954,0.9952463197131002,0.1658625602722168,36.561230491342606,0.9952135897718479,0.12542963027954102,36.94314672006073,0.9954843375179984,0.10399174690246582
kodim24.png,Urban/Structures,0.03,2,38.538560537713366,0.990710037231601,0.013783931732177734,38.93974919354698,0.9924460974482835,0.010866403579711914,35.41742368617739,0.9835297300247486,1.1564302444458008,39.22185023935626,0.990638166599988,2.7358593940734863,38.0485488083969,0.9893528237043099,0.3704261779785156,38.00989933570791,0.989238041115175,0.34712743759155273,38.09706611211824,0.9900096262627116,0.29464197158813477
kodim24.png,Urban/Structures,0.03,4,37.92469592121814,0.9882805594072579,0.013025999069213867,37.89485961384712,0.9892231410573012,0.011121273040771484,34.45722060265033,0.9791292943521763,1.2259225845336914,37.60237581600974,0.9883973459463978,2.731755018234253,37.45207941274919,0.9867874041824538,0.3998427391052246,37.380547055506156,0.9864884389190719,0.3907442092895508,37.6039721005854,0.987570793000712,0.3232686519622803
kodim24.png,Urban/Structures,0.05,2,35.674794868153654,0.9842203093413525,0.02154541015625,36.049806554063345,0.9872881020064487,0.017321109771728516,32.763554473766,0.9718520013100981,1.8904781341552734,36.404467817529856,0.9855028017943378,2.682507276535034,35.32206019860994,0.9817694890394378,0.5937504768371582,35.21844768696158,0.9814352331577144,0.5656313896179199,35.45581176712602,0.9829420897987582,0.46630311012268066
kodim24.png,Urban/Structures,0.05,4,35.464194955250925,0.9837115838327005,0.01682901382446289,35.572308070744846,0.9852997310349348,0.016169309616088867,32.31028501537725,0.971626187820929,1.7752325534820557,35.78980922526533,0.9836199409048699,2.7246246337890625,34.98844976181679,0.981644233695942,0.571662187576294,34.92253962880084,0.9812314670754835,0.5590081214904785,35.099287555215874,0.9826841361434462,0.46653056144714355
